time,latitude,longitude,depth,mag,magType,nst,gap,dmin,rms,net,id,updated,place,type,horizontalError,depthError,magError,magNst,status,locationSource,magSource
1981-01-03T15:55:07.200Z,3.017,126.516,84,5.3,mb,,,,,us,usp0001bk5,2014-11-06T23:24:28.522Z,
1981-01-03T15:13:05.600Z,38.859,26.212,10,3.4,ml,,,,,us,usp0001bk4,2014-11-06T23:24:28.521Z,
1981-01-03T13:54:03.100Z,-11.869,166.216,33,5.1,ms,,,,,us,usp0001bk3,2014-11-06T23:24:28.520Z,
1981-01-03T13:34:45.550Z,34.5808333,-120.3805,7.331,2.64,mh,12,172,0.0309,0.33,ci,ci12250063,2016-02-03T01:23:44.590Z,
1981-01-03T10:59:16.260Z,39.2448333,-120.4826667,15.411,2.63,md,30,229,0.318,0.11,nc,nc1058831,2016-12-12T18:03:19.270Z,
1981-01-03T05:46:07.100Z,-29.837,178.909,522,4.6,mb,,,,,us,usp0001bk0,2014-11-06T23:24:28.517Z,
1981-01-03T05:41:49.380Z,39.6995,-120.5816667,3.881,2.67,md,16,290,0.5468,0.05,nc,nc1058825,2016-12-12T18:02:52.610Z,
1981-01-03T04:44:14.260Z,36.0385,-120.5975,1.348,3.14,ml,27,65,0.03063,0.08,nc,nc1058822,2016-12-12T18:02:39.500Z,
1981-01-03T03:29:40.200Z,38.1196667,-118.3938333,3.742,2.62,mh,7,295,,0.51,ci,ci12250027,2016-02-03T01:23:44.110Z,
1981-01-03T01:23:40.000Z,2.156,-79.232,33,5.7,mb,,,,,us,usp0001bjy,2016-11-09T21:35:21.595Z,
1981-01-03T00:30:03.100Z,-10.93,121.762,33,4.5,mb,,,,,us,usp0001bjx,2014-11-06T23:24:28.514Z,
1981-01-03T00:11:10.800Z,38.255,90.164,33,4.4,mb,,,,,us,usp0001bjw,2014-11-06T23:24:28.513Z,
1981-01-02T23:54:45.900Z,28.175,143.289,33,4.9,mb,,,,,us,usp0001bjv,2014-11-06T23:24:28.512Z,
1981-01-02T23:04:54.680Z,39.6841667,-120.6261667,8.218,2.85,md,18,269,0.5126,0.08,nc,nc1058813,2016-12-12T18:02:03.562Z,
1981-01-02T22:55:17.660Z,40.3088333,-124.5281667,22.202,3.23,md,29,237,0.2216,0.06,nc,nc1058812,2016-12-12T18:01:59.532Z,
1981-01-02T22:26:20.500Z,44.21,149.153,33,5.5,ms,,,,,us,usp0001bju,2014-11-06T23:24:28.511Z,
1981-01-02T18:12:47.380Z,39.6776667,-120.5985,-0.202,3.58,ml,33,252,0.5216,0.13,nc,nc1058803,2016-12-12T18:01:23.736Z,
1981-01-02T16:45:32.810Z,36.0515,-118.3078333,-1.099,2.59,ml,12,127,0.4107,0.41,ci,ci3301616,2016-02-02T18:48:09.060Z,
1981-01-02T15:39:47.300Z,29.244,128.136,242,6.1,mb,,,,,us,usp0001bjs,2016-11-10T00:22:26.204Z,
1981-01-02T15:03:09.420Z,36.0433333,-118.2813333,3.881,3.13,ml,16,125,,0.3,ci,ci3301609,2016-02-03T00:03:33.570Z,
1981-01-02T10:33:48.600Z,16.594,121.79,33,4.6,mb,,,,,us,usp0001bjq,2014-11-06T23:24:28.508Z,
1981-01-02T08:32:19.000Z,-52.988,21.834,10,5.2,mb,,,,,us,usp0001bjp,2014-11-06T23:24:28.507Z,
1981-01-02T07:37:01.300Z,2.137,-79.168,33,5.7,ms,,,,,us,usp0001bjn,2016-11-09T21:35:00.901Z,
1981-01-02T04:57:57.900Z,32.73,48.461,33,5.1,mb,,,,,us,usp0001bjk,2016-11-09T21:35:01.405Z,
1981-01-02T04:50:34.850Z,38.7041667,-122.9226667,5.413,2.84,md,31,42,0.07207,0.1,nc,nc1058797,2016-12-12T18:00:58.120Z,
1981-01-02T01:10:12.300Z,24.229,121.729,25,4.2,ms,,,,,us,usp0001bjj,2014-11-06T23:24:28.503Z,
1981-01-02T00:52:31.300Z,30.922,-41.446,10,4.9,mb,,,,,us,usp0001bjh,2014-11-06T23:24:28.502Z,
1981-01-02T00:42:36.560Z,37.5471667,-118.8636667,7.71,3.18,md,12,170,0.05315,0.09,nc,nc1058793,2016-12-12T18:00:38.490Z,
1981-01-01T23:09:24.300Z,39.901,13.566,427,4.6,mb,,,,,us,usp0001bjg,2014-11-06T23:24:28.501Z,
1981-01-01T22:30:07.800Z,30.975,-41.345,10,5,ms,,,,,us,usp0001bjf,2014-11-06T23:24:28.500Z,
1981-01-01T19:41:37.080Z,40.3083333,-124.5461667,22.762,3.22,md,32,239,0.2315,0.07,nc,nc1058784,2016-12-12T17:59:38.811Z,
1981-01-01T18:46:29.970Z,38.038,-118.4055,3.752,2.59,ml,8,290,,0.48,ci,ci3301580,2016-02-03T00:03:32.070Z,
1981-01-01T18:25:33.680Z,40.6055,-125.5723333,4.034,2.52,md,7,314,1.141,0.14,nc,nc1058782,2016-12-12T17:59:33.605Z,
1981-01-01T18:22:24.470Z,38.0508333,-118.4175,3.752,3.71,ml,11,266,,0.51,ci,ci3301579,2016-02-02T18:48:08.570Z,
1981-01-01T16:46:10.200Z,4.934,-82.7,10,4.6,mb,,,,,us,usp0001bjd,2014-11-06T23:24:28.498Z,
1981-01-01T16:27:36.100Z,2.064,-79.315,33,4.5,mb,,,,,us,usp0001bjc,2014-11-06T23:24:28.498Z,
1981-01-01T15:19:33.500Z,43.732,16.79,10,4,ml,,,,,us,usp0001bjb,2014-11-06T23:24:28.497Z,
1981-01-01T13:13:02.800Z,41.295,68.877,33,4.6,mb,,,,,us,usp0001bja,2014-11-06T23:24:28.496Z,
1981-01-01T12:44:07.300Z,7.779,126.31,23,5.2,mb,,,,,us,usp0001bj9,2014-11-06T23:24:28.495Z,
1981-01-01T11:09:44.080Z,40.416,-125.3961667,18.022,2.9,md,18,294,0.8117,0.13,nc,nc1058772,2016-12-12T17:58:46.974Z,
1981-01-01T11:09:23.300Z,39.435,23.861,10,3.2,ml,,,,,us,usp0001bj8,2014-11-06T23:24:28.494Z,
1981-01-01T09:12:44.300Z,-23.717,179.901,461,4.9,mb,,,,,us,usp0001bj6,2014-11-06T23:24:28.492Z,
1981-01-01T08:10:06.600Z,36.946,21.09,10,3.6,ml,,,,,us,usp0001bj4,2014-11-06T23:24:28.490Z,
1981-01-01T07:18:06.880Z,38.2166667,-118.4381667,4.209,2.78,mh,4,330,,0.19,ci,ci3301569,2016-02-03T02:53:02.880Z,
1981-01-01T03:29:36.000Z,17.044,-94.258,122,5.2,mb,,,,,us,usp0001bj3,2014-11-06T23:24:28.489Z,
1981-01-01T01:08:12.700Z,39.137,25.315,10,3.3,ml,,,,,us,usp0001bj2,2014-11-06T23:24:28.489Z,
1982-12-31T23:58:27.530Z,16.989,147.23,55.5,5,mb,,,,0.9,us,usp0001rxr,2014-11-07T00:32:23.590Z,
1982-12-31T23:24:23.190Z,36.689,141.382,51.6,4.3,mb,,,,1.2,us,usp0001rxq,2014-11-07T00:32:23.587Z,
1982-12-31T22:41:00.010Z,35.801,-117.741,3.495,2.91,mc,0,85.3,0.1087,0.189,ci,ci500910,2016-02-03T03:41:37.110Z,
1982-12-31T22:40:48.850Z,35.808,-117.742,5.155,2.62,mc,0,57.7,,0.147,ci,ci500909,2016-02-02T19:41:52.980Z,
1982-12-31T22:19:19.470Z,-17.449,124.154,33,4.5,mb,,,,0.8,us,usp0001rxp,2014-11-07T00:32:23.585Z,
1982-12-31T22:02:44.600Z,35.814,-117.745,2.719,2.6,mc,0,58.7,,0.122,ci,ci500898,2016-02-03T02:21:11.640Z,
1982-12-31T22:02:41.340Z,35.81,-117.734,6.213,2.52,mc,0,106,0.02517,0.109,ci,ci500901,2016-02-02T22:19:16.610Z,
1982-12-31T20:48:05.380Z,35.811,-117.744,5.379,2.51,ml,0,58.3,0.01715,0.148,ci,ci500888,2016-02-02T18:21:46.530Z,
1982-12-31T20:46:52.830Z,35.81,-117.745,5.409,2.71,ml,0,57.8,,0.15,ci,ci500887,2016-02-02T23:37:52.750Z,
1982-12-31T20:45:15.590Z,43.19,-1.722,10,2.8,ml,,,,1.3,us,usp0001rxm,2014-11-07T00:32:23.580Z,
1982-12-31T20:42:02.300Z,43.02,-1.976,10,3.5,ml,,,,0.8,us,usp0001rxk,2014-11-07T00:32:23.577Z,
1982-12-31T20:32:59.420Z,35.811,-117.741,4.559,2.92,mc,0,58.8,,0.179,ci,ci500882,2016-02-02T18:21:45.080Z,
1982-12-31T19:56:07.650Z,35.809,-117.746,5.069,3.43,ml,0,57.1,,0.16,ci,ci500863,2016-02-02T18:21:43.620Z,
1982-12-31T19:52:56.800Z,35.808,-117.742,4.619,2.97,ml,0,57.6,0.1156,0.15,ci,ci501122,2016-02-03T00:58:00.160Z,
1982-12-31T19:52:30.620Z,35.81,-117.746,4.674,2.99,ml,0,93.8,0.01543,0.16,ci,ci500860,2016-02-02T22:19:14.410Z,
1982-12-31T19:50:08.900Z,35.809,-117.741,4.599,3.5,ml,0,58.4,,0.203,ci,ci500859,2016-02-03T02:21:08.500Z,
1982-12-31T19:48:00.310Z,13.928,-47.598,10,5.1,mb,,,,1.1,us,usp0001rxf,2014-11-07T00:32:23.566Z,
1982-12-31T19:46:45.470Z,42.796,77.423,24,5.8,mb,,,,0.9,us,usp0001rxe,2016-11-10T00:20:05.826Z,
1982-12-31T19:32:48.750Z,37.394,-32.19,10,5,ms,,,,0.8,us,usp0001rxd,2014-11-07T00:32:23.497Z,
1982-12-31T19:13:15.690Z,33.938,-118.841,0.868,2.69,mc,0,289.4,,0.146,ci,ci500857,2016-02-02T18:21:42.330Z,
1982-12-31T19:05:53.470Z,13.872,120.678,115.1,4.7,mb,,,,1.2,us,usp0001rxc,2014-11-07T00:32:23.483Z,
1982-12-31T18:11:03.100Z,43.318,16.783,10,3.4,ml,,,,1.2,us,usp0001rxa,2014-11-07T00:32:23.480Z,
1982-12-31T18:08:52.250Z,39.4385,-120.722,18.022,2.75,md,14,253,0.4027,0.08,nc,nc1083727,2016-12-12T15:48:29.357Z,
1982-12-31T17:09:08.230Z,-1.549,-78.039,171,4.6,mb,,,,0.7,us,usp0001rx9,2014-11-07T00:32:23.475Z,
1982-12-31T16:52:44.650Z,35.813,-117.747,5.149,2.92,mc,0,58,,0.157,ci,ci500849,2016-02-02T19:41:48.990Z,
1982-12-31T16:41:54.580Z,35.809,-117.747,5.099,2.92,mc,0,56.8,,0.185,ci,ci500844,2016-02-02T23:37:50.340Z,
1982-12-31T16:30:51.210Z,35.81,-117.746,5.009,2.76,mc,0,57.4,,0.19,ci,ci500843,2016-02-02T21:00:17.320Z,
1982-12-31T14:43:16.330Z,5.354,126.732,113,4.9,mb,,,,1.1,us,usp0001rx7,2014-11-07T00:32:23.468Z,
1982-12-31T13:41:48.790Z,-3.561,177.729,26,5.3,mb,,,,0.9,us,usp0001rx6,2016-11-10T00:20:07.374Z,
1982-12-31T12:59:42.650Z,36.308,141.575,56.6,4.6,mb,,,,0.8,us,usp0001rx5,2014-11-07T00:32:23.457Z,
1982-12-31T11:04:03.600Z,67.806,-161.348,33,4.5,mb,,,,1,us,usp0001rx4,2014-11-07T00:32:23.454Z,
1982-12-31T10:45:27.640Z,34.035,-116.86,13.093,2.57,mc,0,27.8,,0.185,ci,ci500803,2016-02-02T18:21:38.900Z,
1982-12-31T10:37:03.640Z,28.585,128.512,33,4.3,mb,,,,1.1,us,usp0001rx3,2014-11-07T00:32:23.452Z,
1982-12-31T10:16:44.410Z,35.812,-117.745,5.279,2.92,mc,0,58,,0.154,ci,ci500791,2016-02-03T00:57:53.570Z,
1982-12-31T09:58:00.760Z,28.677,128.542,24.6,5.4,ms,,,,1.2,us,usp0001rx2,2016-11-10T00:20:06.853Z,
1982-12-31T09:37:39.490Z,-3.371,177.57,33,4.9,mb,,,,0.5,us,usp0001rx1,2014-11-07T00:32:23.441Z,
1982-12-31T09:15:39.720Z,35.818,-117.741,5.779,2.67,mc,0,60.9,,0.138,ci,ci500751,2016-02-02T22:19:09.710Z,
1982-12-31T09:07:23.380Z,35.809,-117.737,5.275,4.04,ml,0,59.1,,0.264,ci,ci503703,2016-02-02T18:21:49.430Z,
1982-12-31T06:21:49.630Z,35.811,-117.737,5.175,2.96,ml,0,59.5,,0.15,ci,ci500735,2016-02-02T18:21:36.570Z,
1982-12-31T03:53:59.650Z,-4.351,143.405,103.5,4.6,mb,,,,1.2,us,usp0001rww,2014-11-07T00:32:23.432Z,
1982-12-31T03:47:28.510Z,-20.993,-68.464,118,6,mw,,,,0.9,us,usp0001rwv,2016-11-10T00:20:05.288Z,
1982-12-31T03:38:47.510Z,-23.41,-175.445,33,5,mb,,,,1.4,us,usp0001rwu,2014-11-07T00:32:23.406Z,
1982-12-31T02:46:50.730Z,-10.743,-78.962,28,5,mb,,,,0.9,us,usp0001rws,2014-11-07T00:32:23.397Z,
1982-12-31T02:08:10.480Z,35.811,-117.736,5.185,2.61,mc,0,59.9,,0.148,ci,ci500718,2016-02-02T23:37:43.280Z,
1982-12-31T01:54:44.990Z,17.193,-100.528,28.1,4.7,mb,,,,1.1,us,usp0001rwq,2014-11-07T00:32:23.393Z,
1982-12-31T01:35:35.230Z,-21.386,-68.046,130,5.3,mb,,,,1,us,usp0001rwp,2016-11-10T00:20:06.323Z,
1982-12-30T23:19:28.860Z,36.6448333,-121.2628333,4.066,3.32,md,66,54,0.003604,0.12,nc,nc1083705,2016-12-12T15:47:06.880Z,
1982-12-30T22:30:24.130Z,33.953,-118.799,-0.497,2.91,mc,0,246.6,,0.388,ci,ci500713,2016-02-03T02:21:03.800Z,
1982-12-30T20:18:11.780Z,33.792,139.822,33,4.7,mb,,,,1.3,us,usp0001rwn,2014-11-07T00:32:23.367Z,
1982-12-30T18:32:01.060Z,32.001,-116.286,5.746,2.98,mc,0,273.6,,0.436,ci,ci500694,2016-02-03T03:41:23.770Z,
1982-12-30T18:24:24.850Z,-11.135,162.75,33,4.3,mb,,,,1,us,usp0001rwg,2014-11-07T00:32:23.359Z,
1982-12-30T18:08:44.380Z,-21.554,-66.985,224.2,4.4,mb,,,,1.4,us,usp0001rwf,2014-11-07T00:32:23.357Z,
1982-12-30T18:07:44.210Z,-11.225,162.558,33,4.7,mb,,,,1.3,us,usp0001rwe,2014-11-07T00:32:23.351Z,
1982-12-30T18:01:03.040Z,-11.217,162.756,33,4.6,mb,,,,1.3,us,usp0001rwd,2014-11-07T00:32:23.350Z,
1982-12-30T17:50:09.980Z,-6.201,130.466,142.5,4.9,mb,,,,1.1,us,usp0001rwc,2014-11-07T00:32:23.347Z,
1982-12-30T14:02:10.150Z,28.46,128.315,33,4.7,mb,,,,1.4,us,usp0001rw7,2014-11-07T00:32:23.339Z,
1982-12-30T13:02:34.470Z,11.728,-87.104,55.1,4.6,mb,,,,1.4,us,usp0001rw6,2014-11-07T00:32:23.337Z,
1982-12-30T12:54:24.560Z,42.542,85.051,33,4.8,mb,,,,0.8,us,usp0001rw5,2014-11-07T00:32:23.334Z,
1982-12-30T12:29:26.070Z,26.321,92.05,33,4.6,mb,,,,1.4,us,usp0001rw4,2014-11-07T00:32:23.332Z,
1982-12-30T12:16:59.650Z,28.701,128.42,33,4.5,mb,,,,0.8,us,usp0001rw3,2014-11-07T00:32:23.330Z,
1982-12-30T12:11:13.430Z,41.763,23.112,10,3.5,ml,,,,0.7,us,usp0001rw2,2014-11-07T00:32:23.328Z,
1982-12-30T11:51:24.630Z,34.449,-119.06,4.991,2.62,mc,0,127.6,,0.222,ci,ci500705,2016-02-03T03:41:24.740Z,
1982-12-30T08:37:14.390Z,26.159,91.641,40.6,5,mb,,,,0.9,us,usp0001rvy,2014-11-07T00:32:23.315Z,
1982-12-30T07:03:27.930Z,-6.027,146.642,41,4.1,mb,,,,0.9,us,usp0001rvw,2014-11-07T00:32:23.311Z,
1982-12-30T04:59:19.330Z,18.289,-73.934,33,4.7,mb,,,,0.7,us,usp0001rvv,2014-11-07T00:32:23.309Z,
1982-12-30T04:49:31.190Z,33.964,-118.83,-0.497,2.96,mc,0,158.9,,0.305,ci,ci500696,2016-02-02T21:00:11.360Z,
1982-12-30T04:00:29.550Z,33.959,-118.816,0.283,3.57,ml,0,117.4,,0.305,ci,ci500690,2016-02-03T03:41:22.690Z,
1982-12-30T01:23:40.940Z,28.461,128.515,33,4.5,mb,,,,0.9,us,usp0001rvt,2014-11-07T00:32:23.305Z,
1982-12-30T00:51:21.140Z,-24.163,-174.939,33,5.3,mb,,,,1.4,us,usp0001rvs,2014-11-07T00:32:23.299Z,
1982-12-29T23:53:15.430Z,14.649,44.463,5,5.3,mb,,,,,us,usp0001rvr,2017-04-26T17:35:59.597Z,
1982-12-29T23:53:08.410Z,7.697,60.525,10,5,mb,,,,0.8,us,usp0001rvq,2014-11-07T00:32:23.284Z,
1982-12-29T21:35:04.100Z,18.741,-104.999,33,4.4,mb,,,,1.4,us,usp0001rvn,2014-11-07T00:32:23.280Z,
1982-12-29T21:24:00.270Z,33.769,139.44,15,4.8,mb,,,,1.3,us,usp0001rvm,2014-11-07T00:32:23.277Z,
1982-12-29T21:13:44.840Z,33.669,139.257,25.7,4,mb,,,,1.3,us,usp0001rvk,2014-11-07T00:32:23.275Z,
1982-12-29T20:01:34.200Z,6.182,124.065,33,4.6,mb,,,,1.5,us,usp0001rvj,2014-11-07T00:32:23.273Z,
1982-12-29T17:38:58.180Z,-29.656,-71.568,33,5.3,mb,,,,1.4,us,usp0001rvh,2014-11-07T00:32:23.271Z,
1982-12-29T16:58:41.970Z,-6.487,154.512,32.8,5,mb,,,,1.2,us,usp0001rvf,2014-11-07T00:32:23.266Z,
1982-12-29T15:21:20.950Z,29.965,70.183,33,5,mb,,,,0.9,us,usp0001rvd,2014-11-07T00:32:23.258Z,
1982-12-29T15:14:52.160Z,33.86,139.707,20,5.4,ms,,,,1.5,us,usp0001rvc,2014-11-07T00:32:23.252Z,
1982-12-29T14:26:46.400Z,37.492,-118.791,1.657,2.75,md,12,119,0.1018,0.04,nc,nc1083647,2016-12-12T15:43:28.888Z,
1982-12-29T14:09:41.670Z,9.059,54.186,10,4.9,mb,,,,1.2,us,usp0001rvb,2014-11-07T00:32:23.250Z,
1982-12-29T14:05:41.210Z,14.92,120.353,109.5,5.4,mb,,,,1.1,us,usp0001rva,2016-11-10T00:19:10.005Z,
1982-12-29T13:15:01.720Z,10.913,-86.762,33,4.6,mb,,,,0.8,us,usp0001rv9,2014-11-07T00:32:23.192Z,
1982-12-29T12:17:46.180Z,33.732,139.333,25.8,5.3,mb,,,,0.9,us,usp0001rv8,2014-11-07T00:32:23.177Z,
1982-12-29T11:06:25.850Z,14.405,-91.603,84.6,4.7,mb,,,,1.2,us,usp0001rv6,2014-11-07T00:32:23.168Z,
1982-12-29T10:09:25.100Z,47.6918333,-122.678,18.663,2.9,md,25,44,,0.07,uw,uw10149098,2016-07-24T22:52:57.980Z,
1982-12-29T09:54:05.980Z,32.49,-115.545,5.979,2.9,mc,0,211,,0.55,ci,ci500668,2016-02-03T03:41:19.320Z,
1982-12-29T08:47:42.400Z,33.706,139.373,33,4.9,mb,,,,1.3,us,usp0001rv2,2014-11-07T00:32:23.156Z,
1982-12-29T07:57:24.090Z,42.891,-2.202,10,2.8,ml,,,,0.9,us,usp0001rv0,2014-11-07T00:32:23.153Z,
1982-12-29T07:04:22.730Z,11.168,-86.443,62.8,4.8,mb,,,,1.1,us,usp0001ruz,2014-11-07T00:32:23.150Z,
1982-12-29T07:02:31.460Z,33.763,139.336,19,5.5,mb,,,,1.1,us,usp0001ruy,2016-11-10T00:19:10.630Z,
1982-12-29T04:39:49.620Z,-34.053,-178.361,33,4.8,mb,,,,1.5,us,usp0001rux,2014-11-07T00:32:23.123Z,
1982-12-29T04:34:19.810Z,64.019,-149.757,14.4,3.5,ml,,,,0.6,us,usp0001ruw,2014-11-07T00:32:23.121Z,
1982-12-29T04:33:02.680Z,35.886,141.526,41,4.6,mb,,,,1.1,us,usp0001ruv,2014-11-07T00:32:23.119Z,
1982-12-29T00:10:55.360Z,-17.674,-177.494,423.4,5,mb,,,,1.1,us,usp0001rur,2014-11-07T00:32:23.106Z,
1982-12-29T00:09:20.200Z,30.273,79.809,33,4.8,mb,,,,1.1,us,usp0001ruq,2014-11-07T00:32:23.103Z,
1982-12-28T23:42:03.410Z,36.029,68.783,33,4.1,mb,,,,1.2,us,usp0001rup,2014-11-07T00:32:23.101Z,
1982-12-28T23:37:06.650Z,-18.179,-178.554,632.6,4.9,mb,,,,0.9,us,usp0001run,2014-11-07T00:32:23.094Z,
1982-12-28T23:27:35.120Z,35.739,-117.771,4.04,2.89,mc,0,76.4,0.04945,0.133,ci,ci500654,2016-02-02T19:41:44.240Z,
1982-12-28T22:42:09.120Z,26.027,-111.601,10,4,mb,,,,0.8,us,usp0001ruh,2014-11-07T00:32:23.089Z,
1982-12-28T22:05:49.130Z,33.692,-119.149,5.625,2.7,mc,0,235.8,,0.348,ci,ci500650,2016-02-02T21:00:08.860Z,
1982-12-28T21:51:09.330Z,-24.348,-177.149,135,5,mb,,,,0.8,us,usp0001rug,2014-11-07T00:32:23.085Z,
1982-12-28T21:19:05.160Z,-3.518,177.704,33,5,mb,,,,0.9,us,usp0001rue,2014-11-07T00:32:23.079Z,
1982-12-28T20:39:15.350Z,35.808,-117.745,5.939,2.99,ml,0,56.8,,0.171,ci,ci500644,2016-02-02T18:21:33.010Z,
1982-12-28T19:40:02.770Z,61.579,-146.397,53.2,3.9,mb,,,,1.3,us,usp0001ruc,2014-11-07T00:32:23.075Z,
1982-12-28T19:06:24.170Z,38.073,-118.336,3.599,4.89,ml,0,249.3,,0.325,ci,ci500641,2016-02-02T21:00:08.310Z,
1982-12-28T18:02:30.520Z,36.6983333,-121.3321667,4.734,2.63,md,62,35,0.01441,0.06,nc,nc1083610,2016-12-12T15:41:27.750Z,
1982-12-28T18:00:36.590Z,33.752,139.569,33,4.8,mb,,,,0.8,us,usp0001rua,2014-11-07T00:32:23.066Z,
1982-12-28T17:00:21.030Z,-7.201,120.358,33,4.8,mb,,,,1.4,us,usp0001ru9,2014-11-07T00:32:23.063Z,
1982-12-28T16:29:35.980Z,33.687,139.253,22.2,5.4,ms,,,,1.2,us,usp0001ru8,2014-11-07T00:32:23.058Z,
1982-12-28T16:08:59.630Z,35.813,-117.748,5.684,2.85,ml,0,92.4,,0.162,ci,ci500621,2016-02-03T00:57:46.020Z,
1982-12-28T15:53:51.250Z,-23.687,-175.592,33,5.6,ms,,,,1.4,us,usp0001ru5,2016-11-10T00:18:36.850Z,
1982-12-28T14:04:15.990Z,45.606,15.449,10,4,ml,,,,1,us,usp0001ru3,2014-11-07T00:32:23.028Z,
1982-12-28T13:57:28.110Z,19.878,121.382,33,5,mb,,,,0.8,us,usp0001ru2,2014-11-07T00:32:23.024Z,
1982-12-28T13:49:29.000Z,19.945,121.397,34,6,mb,,,,0.9,us,usp0001ru1,2016-11-10T00:18:36.309Z,
1982-12-28T12:27:51.390Z,33.904,-119.309,5.476,2.75,mc,0,164.3,,0.335,ci,ci500615,2016-02-03T02:20:59.250Z,
1982-12-28T10:03:46.820Z,18.797,145.696,218.5,4.8,mb,,,,1,us,usp0001ru0,2014-11-07T00:32:22.868Z,
1982-12-28T09:49:17.450Z,39.312,25.47,9.5,3.6,ml,,,,0.7,us,usp0001rty,2014-11-07T00:32:22.775Z,
1982-12-28T09:36:22.360Z,35.81,-117.749,5.659,2.5,mc,0,56.6,,0.166,ci,ci500611,2016-02-03T02:20:58.710Z,
1982-12-28T09:19:32.580Z,39.291,25.452,10,3.7,ml,,,,0.9,us,usp0001rtx,2014-11-07T00:32:22.745Z,
1982-12-28T08:18:55.340Z,33.797,139.314,40.6,3.9,mb,,,,1.3,us,usp0001rtv,2014-11-07T00:32:22.632Z,
1982-12-28T08:06:33.550Z,-18.913,-69.591,52,5.3,mb,,,,0.8,us,usp0001rtt,2014-11-07T00:32:22.597Z,
1982-12-28T08:06:00.060Z,-20.71,-68.554,117,5.1,mb,,,,1.3,us,usp0001rts,2014-11-07T00:32:22.591Z,
1982-12-28T08:00:03.460Z,25.58,99.465,36,5,mb,,,,1.1,us,usp0001rtr,2014-11-07T00:32:22.571Z,
1982-12-28T07:30:07.780Z,22.326,100.918,30.4,5.2,mb,,,,1.1,us,usp0001rtq,2014-11-07T00:32:22.552Z,
1982-12-28T07:20:23.690Z,35.808,-117.746,5.359,3.13,ml,0,56.5,,0.181,ci,ci500639,2016-02-02T18:21:30.920Z,
1982-12-28T07:15:14.190Z,37.4945,-118.7918333,1.001,3.35,md,14,106,0.0991,0.04,nc,nc1083594,2016-12-12T15:40:35.879Z,
1982-12-28T06:37:42.500Z,33.826,139.434,22,6.3,mw,,,,1,us,usp0001rtm,2016-11-10T00:18:35.787Z,
1982-12-28T06:06:50.190Z,14.585,-44.895,10,4.8,mb,,,,1.1,us,usp0001rtk,2014-11-07T00:32:22.467Z,
1982-12-28T06:04:37.040Z,46.53,6.4,10,2.7,ml,,,,0.9,us,usp0001rtj,2014-11-07T00:32:22.466Z,
1982-12-28T05:44:31.240Z,41.179,15.662,10,3.4,ml,,,,1.3,us,usp0001rth,2014-11-07T00:32:22.464Z,
1982-12-28T03:47:43.440Z,-23.741,-179.857,521.3,4.9,mb,,,,1.2,us,usp0001rtg,2014-11-07T00:32:22.462Z,
1982-12-28T03:01:20.280Z,33.817,139.798,8.5,4.5,mb,,,,1.4,us,usp0001rtf,2014-11-07T00:32:22.459Z,
1982-12-28T02:49:40.040Z,33.749,139.417,13.9,4.8,mb,,,,1.3,us,usp0001rte,2014-11-07T00:32:22.456Z,
1982-12-28T02:12:13.980Z,33.69,139.428,14,5.1,mb,,,,1.3,us,usp0001rtd,2014-11-07T00:32:22.443Z,
1982-12-28T01:52:31.320Z,33.79,139.413,20,5.5,ms,,,,1,us,usp0001rtc,2016-11-10T00:18:35.234Z,
1982-12-28T01:23:47.240Z,33.694,139.432,20.4,5.1,mb,,,,1.3,us,usp0001rtb,2014-11-07T00:32:22.413Z,
1982-12-28T01:23:34.270Z,-24.824,179.697,521.4,4.5,mb,,,,1.2,us,usp0001rta,2014-11-07T00:32:22.409Z,
1982-12-28T00:49:38.080Z,37.4968333,-118.7951667,0.891,3.6,ml,13,118,0.0964,0.03,nc,nc1083582,2016-12-12T15:39:54.435Z,
1982-12-28T00:36:33.930Z,36.291,-118.157,4.69,2.73,mc,0,305.9,0.2994,0.185,ci,ci500626,2016-02-03T02:20:59.810Z,
1982-12-27T23:55:30.960Z,14.647,-43.685,10,4.8,mb,,,,1.3,us,usp0001rt8,2014-11-07T00:32:22.405Z,
1982-12-27T23:13:28.190Z,47.812,8.587,10,2.6,ml,,,,0.8,us,usp0001rt7,2014-11-07T00:32:22.403Z,
1982-12-27T23:02:10.080Z,33.741,139.474,33,4.6,mb,,,,1,us,usp0001rt6,2014-11-07T00:32:22.400Z,
1982-12-27T20:05:27.720Z,14.254,-45.705,10,5,mb,,,,1.6,us,usp0001rt3,2014-11-07T00:32:22.396Z,
1982-12-27T19:55:23.200Z,38.945,27.807,10,3.7,ml,,,,0.6,us,usp0001rt2,2014-11-07T00:32:22.394Z,
1982-12-27T17:54:53.080Z,14.505,-45.136,10,5,mb,,,,0.6,us,usp0001rsz,2014-11-07T00:32:22.389Z,
1982-12-27T17:47:35.150Z,34.3,-119.675,5.031,2.8,mc,0,138.7,,0.385,ci,ci500576,2016-02-02T22:19:04.250Z,
1982-12-27T17:22:37.480Z,16.074,-98.641,33,4.1,mb,,,,1.1,us,usp0001rsy,2014-11-07T00:32:22.386Z,
1982-12-27T16:23:01.420Z,14.315,-44.45,10,4.8,mb,,,,1.3,us,usp0001rsw,2014-11-07T00:32:22.382Z,
1982-12-27T15:50:12.670Z,14.498,-45.098,10,4.8,mb,,,,0.5,us,usp0001rst,2014-11-07T00:32:22.376Z,
1982-12-27T15:32:06.550Z,38.942,27.847,10,3.6,ml,,,,0.7,us,usp0001rss,2014-11-07T00:32:22.374Z,
1982-12-27T15:10:10.010Z,-6.514,147.039,33,4,mb,,,,1.3,us,usp0001rsr,2014-11-07T00:32:22.372Z,
1982-12-27T14:07:35.650Z,33.796,139.54,33,4.8,mb,,,,0.9,us,usp0001rsq,2014-11-07T00:32:22.368Z,
1982-12-27T13:48:20.860Z,33.688,139.31,33,4.1,mb,,,,1.2,us,usp0001rsp,2014-11-07T00:32:22.366Z,
1982-12-27T13:43:57.470Z,-4.621,152.613,33,4.5,mb,,,,0.6,us,usp0001rsn,2014-11-07T00:32:22.364Z,
1982-12-27T11:33:18.130Z,33.762,139.407,21,5.2,mb,,,,1.2,us,usp0001rsk,2014-11-07T00:32:22.347Z,
1982-12-27T11:02:44.050Z,39.352,28.319,10,3.8,ml,,,,0.6,us,usp0001rsf,2014-11-07T00:32:22.340Z,
1982-12-27T07:07:29.590Z,34.375,139.328,24,5.1,mb,,,,1.2,us,usp0001rsc,2014-11-07T00:32:22.327Z,
1982-12-27T05:52:47.890Z,13.215,-89.749,84.7,4.4,mb,,,,1.1,us,usp0001rsb,2014-11-07T00:32:22.324Z,
1982-12-27T04:56:03.540Z,-5.874,35.091,10,4.1,mb,,,,1.2,us,usp0001rs9,2014-11-07T00:32:22.321Z,
1982-12-27T03:53:01.910Z,15.643,-99.666,33,3.6,mb,,,,0.8,us,usp0001rs8,2014-11-07T00:32:22.319Z,
1982-12-27T02:04:46.580Z,38.915,27.842,7.8,3.8,ml,,,,1.2,us,usp0001rs5,2014-11-07T00:32:22.315Z,
1982-12-27T01:50:39.640Z,-11.345,162.408,52,4.8,mb,,,,1.3,us,usp0001rs4,2014-11-07T00:32:22.312Z,
1982-12-27T01:32:57.680Z,19.013,144.995,600,5.3,mb,,,,1,us,usp0001rs3,2016-11-10T00:18:09.773Z,
1982-12-26T23:59:56.360Z,-3.389,177.817,33,4.8,mb,,,,0.7,us,usp0001rs2,2014-11-07T00:32:22.294Z,
1982-12-26T21:37:33.900Z,-21.329,-67.338,200.5,4.4,mb,,,,1.4,us,usp0001rs1,2014-11-07T00:32:22.290Z,
1982-12-26T20:57:49.470Z,-15.906,-173.237,33,4.8,mb,,,,1.1,us,usp0001rry,2014-11-07T00:32:22.281Z,
1982-12-26T20:42:58.980Z,42.82,-1.765,10,3,ml,,,,1.1,us,usp0001rrx,2014-11-07T00:32:22.278Z,
1982-12-26T17:48:01.870Z,39.337,28.287,9.6,4.8,mb,,,,0.7,us,usp0001rru,2014-11-07T00:32:22.271Z,
1982-12-26T16:19:56.380Z,38.282,141.788,63.8,5.1,mb,,,,0.9,us,usp0001rrs,2014-11-07T00:32:22.259Z,
1982-12-26T13:53:13.770Z,13.728,119.248,33,4.5,mb,,,,1.3,us,usp0001rrr,2014-11-07T00:32:22.257Z,
1982-12-26T13:10:15.420Z,29.821,70.012,33,4.6,mb,,,,1.4,us,usp0001rrq,2014-11-07T00:32:22.254Z,
1982-12-26T10:45:00.180Z,34.392,-119.533,12.132,2.67,mh,0,91.5,,0.27,ci,ci500586,2016-02-02T19:41:39.820Z,
1982-12-26T10:04:24.920Z,36.8161667,-121.5466667,6.908,3.5,ml,67,52,0.02883,0.13,nc,nc1083504,2016-12-12T15:34:28.000Z,
1982-12-26T09:59:46.300Z,38.8091667,-122.8006667,3.09,3.1,ml,47,36,0.004505,0.07,nc,nc1083503,2016-12-12T15:34:17.190Z,
1982-12-26T09:43:04.690Z,35.71,-117.734,3.436,2.86,ml,0,73.5,,0.185,ci,ci500580,2016-02-03T02:20:55.660Z,
1982-12-26T09:24:42.800Z,-4.58,143.849,100.4,4.7,mb,,,,0.9,us,usp0001rrh,2014-11-07T00:32:22.240Z,
1982-12-26T05:54:52.700Z,31.417,-115.533,6,3.5,ml,,,,,us,usp0001rrg,2016-02-03T02:52:59.700Z,
1982-12-26T05:53:00.050Z,-3.415,177.608,33,4.9,mb,,,,0.6,us,usp0001rrf,2014-11-07T00:32:22.236Z,
1982-12-26T05:41:28.740Z,-23.633,-175.473,33,5.1,mb,,,,1.3,us,usp0001rre,2014-11-07T00:32:22.232Z,
1982-12-26T05:29:33.880Z,40.955,61.662,33,4.9,mb,,,,0.7,us,usp0001rrd,2014-11-07T00:32:22.226Z,
1982-12-26T03:24:17.770Z,66.241,-150.785,33,3.1,ml,,,,1.1,us,usp0001rrb,2014-11-07T00:32:22.206Z,
1982-12-26T03:24:14.890Z,-8.267,127.414,33,4.6,mb,,,,1.5,us,usp0001rra,2014-11-07T00:32:22.204Z,
1982-12-26T03:17:48.110Z,-21.773,-68.541,121.9,4.1,mb,,,,0.9,us,usp0001rr9,2014-11-07T00:32:22.201Z,
1982-12-26T03:10:02.610Z,55.513,-159.88,41.1,4.1,mb,,,,0.9,us,usp0001rr8,2014-11-07T00:32:22.199Z,
1982-12-26T02:43:09.190Z,-12.533,33.879,10,3.9,mb,,,,1.4,us,usp0001rr7,2014-11-07T00:32:22.197Z,
1982-12-26T02:42:08.400Z,-3.61,177.682,33,5,mb,,,,0.6,us,usp0001rr6,2014-11-07T00:32:22.193Z,
1982-12-26T02:20:07.750Z,-24.023,-175.183,33,5.1,mb,,,,1.1,us,usp0001rr5,2014-11-07T00:32:22.186Z,
1982-12-26T01:54:55.350Z,35.813,-117.739,5.379,3.32,ml,0,59.7,0.02148,0.149,ci,ci500540,2016-02-03T03:41:13.100Z,
1982-12-26T01:51:32.730Z,38.586,22.544,10,3.2,ml,,,,0.4,us,usp0001rr3,2014-11-07T00:32:22.182Z,
1982-12-26T01:16:22.240Z,38.519,22.429,11.5,3.2,ml,,,,0.5,us,usp0001rr2,2014-11-07T00:32:22.179Z,
1982-12-26T00:29:35.210Z,45.041,151.297,33,5,mb,,,,1,us,usp0001rr1,2014-11-07T00:32:22.175Z,
1982-12-25T18:23:17.640Z,-23.521,-177.221,181,5,mb,,,,1.3,us,usp0001rr0,2016-11-10T00:17:20.337Z,
1982-12-25T17:57:58.570Z,-8.53,122.891,33,4.3,mb,,,,1.5,us,usp0001rqz,2014-11-07T00:32:22.146Z,
1982-12-25T17:48:56.200Z,37.4941667,-118.7965,1.371,2.74,md,9,120,0.0991,0.02,nc,nc1083465,2016-12-12T15:31:43.539Z,
1982-12-25T16:51:53.520Z,26.398,96.367,104.5,4.7,mb,,,,1,us,usp0001rqy,2014-11-07T00:32:22.144Z,
1982-12-25T15:26:44.390Z,-22.611,170.622,33,4.8,mb,,,,1.3,us,usp0001rqw,2014-11-07T00:32:22.135Z,
1982-12-25T14:07:00.010Z,15.466,119.935,74.5,4.5,mb,,,,1,us,usp0001rqv,2014-11-07T00:32:22.133Z,
1982-12-25T12:28:02.880Z,-8.405,123.08,33,5.9,ms,,,,1.3,us,usp0001rqt,2017-04-26T17:35:58.930Z,
1982-12-25T10:19:34.860Z,16.694,-94.787,33,4.2,mb,,,,0.9,us,usp0001rqs,2014-11-07T00:32:22.110Z,
1982-12-25T09:59:16.180Z,63.078,-148.608,80,3.6,mb,,,,1,us,usp0001rqr,2014-11-07T00:32:22.107Z,
1982-12-25T08:14:08.680Z,35.696,69.533,83.2,4.7,mb,,,,1,us,usp0001rqn,2014-11-07T00:32:22.101Z,
1982-12-25T07:53:47.570Z,-3.153,131.327,33,4.5,mb,,,,0.7,us,usp0001rqm,2014-11-07T00:32:22.099Z,
1982-12-25T07:53:39.630Z,-4.365,131.403,33,5.1,mb,,,,1.3,us,usp0001rqk,2014-11-07T00:32:22.094Z,
1982-12-25T06:47:30.060Z,15.781,-95.367,33,4,mb,,,,1.3,us,usp0001rqj,2014-11-07T00:32:22.092Z,
1982-12-25T06:26:44.950Z,31.5403333,-115.4133333,5.925,2.74,mc,12,282,,0.75,ci,ci500505,2016-02-02T20:12:07.520Z,
1982-12-25T04:30:48.010Z,29.9,57.772,33,4.5,mb,,,,1.4,us,usp0001rqg,2014-11-07T00:32:22.089Z,
1982-12-25T04:19:31.240Z,-0.732,134.844,45.6,4.6,mb,,,,1.1,us,usp0001rqe,2014-11-07T00:32:22.082Z,
1982-12-25T04:02:45.970Z,59.804,-141.142,15,3.8,ml,,,,0.6,us,usp0001rqd,2014-11-07T00:32:22.080Z,
1982-12-25T02:39:44.300Z,52.977,170.883,33,4.6,mb,,,,0.9,us,usp0001rqb,2014-11-07T00:32:22.075Z,
1982-12-25T02:17:31.630Z,52.084,-174.98,246.4,4.4,mb,,,,1,us,usp0001rqa,2014-11-07T00:32:22.074Z,
1982-12-25T01:54:09.600Z,-9.542,116.775,33,4.4,mb,,,,0.9,us,usp0001rq9,2014-11-07T00:32:22.072Z,
1982-12-25T00:02:27.790Z,-15.392,-73.648,99.1,4.9,mb,,,,0.9,us,usp0001rq8,2014-11-07T00:32:22.068Z,
1982-12-24T23:31:03.020Z,52.58,173.29,72.1,5.2,mb,,,,0.7,us,usp0001rq7,2014-11-07T00:32:22.058Z,
1982-12-24T21:44:42.880Z,15.786,-95.322,33,4.6,mb,,,,1.2,us,usp0001rq6,2014-11-07T00:32:22.053Z,
1982-12-24T20:51:07.430Z,-24.586,-176.051,33,4.8,mb,,,,1.1,us,usp0001rq5,2014-11-07T00:32:22.051Z,
1982-12-24T18:10:22.190Z,44.037,149.529,56,5.1,mb,,,,1,us,usp0001rq4,2014-11-07T00:32:22.044Z,
1982-12-24T17:10:12.910Z,36.236,68.821,33,4.1,mb,,,,1,us,usp0001rq3,2014-11-07T00:32:22.043Z,
1982-12-24T15:39:09.190Z,-4.6,131.389,71.4,4.3,mb,,,,1.1,us,usp0001rq1,2014-11-07T00:32:22.039Z,
1982-12-24T15:11:20.210Z,42.1498333,-112.5265,-2.05,3.22,md,11,159,0.3228,0.43,uu,uu50008030,2018-08-28T02:53:38.080Z,
1982-12-24T14:53:45.560Z,44.591,149.965,33,4.5,mb,,,,1.1,us,usp0001rpz,2014-11-07T00:32:22.035Z,
1982-12-24T10:09:06.950Z,34.376,-116.457,-0.251,2.61,mc,0,57.2,,0.124,ci,ci500471,2016-02-02T23:37:31.530Z,
1982-12-24T08:47:08.530Z,37.136,71.783,135.5,4.6,mb,,,,0.9,us,usp0001rpx,2014-11-07T00:32:22.029Z,
1982-12-24T06:43:43.180Z,-24.558,-175.896,33,5.2,ms,,,,1.5,us,usp0001rpw,2014-11-07T00:32:22.023Z,
1982-12-24T06:02:32.310Z,41.857,-127.082,10,4.4,mb,,,,0.8,us,usp0001rpv,2014-11-07T00:32:21.992Z,
1982-12-24T04:50:08.590Z,-23.566,-175.316,33,5.2,ms,,,,1.2,us,usp0001rpu,2014-11-07T00:32:21.989Z,
1982-12-24T04:32:23.480Z,-59.445,-25.881,76,4.7,mb,,,,1.4,us,usp0001rpt,2014-11-07T00:32:21.985Z,
1982-12-24T04:29:14.130Z,33.614,-119.021,5.625,2.74,ml,0,195.2,,0.297,ci,ci500469,2016-02-02T18:21:24.900Z,
1982-12-24T04:18:24.000Z,-24.451,-176.175,33,5.1,ms,,,,1.5,us,usp0001rps,2014-11-07T00:32:21.979Z,
1982-12-24T04:00:22.120Z,-20.84,-178.775,585.7,4.7,mb,,,,0.9,us,usp0001rpr,2014-11-07T00:32:21.975Z,
1982-12-24T03:59:00.560Z,35.75,-117.706,8.1,2.71,ml,0,61.1,,0.148,ci,ci500465,2016-02-02T20:59:58.920Z,
1982-12-24T03:49:52.770Z,15.304,-94.543,56.6,5,mb,,,,0.9,us,usp0001rpq,2014-11-07T00:32:21.965Z,
1982-12-24T02:07:54.060Z,45.562,15.309,10,3.1,ml,,,,0.5,us,usp0001rpn,2014-11-07T00:32:21.960Z,
1982-12-24T01:57:06.540Z,-3.858,177.883,33,4.7,mb,,,,0.3,us,usp0001rpm,2014-11-07T00:32:21.958Z,
1982-12-24T00:29:39.790Z,-23.593,179.827,571.9,5.1,mb,,,,1.1,us,usp0001rpk,2014-11-07T00:32:21.955Z,
1982-12-24T00:06:15.110Z,42.559,0.598,10,4,ml,,,,0.9,us,usp0001rpj,2014-11-07T00:32:21.951Z,
1982-12-23T22:47:03.350Z,6.72,-73.022,172.2,4.8,mb,,,,1.1,us,usp0001rpg,2014-11-07T00:32:21.946Z,
1982-12-23T22:09:06.560Z,39.764,-123.114,7.011,2.73,md,17,90,0.1423,0.12,nc,nc1083412,2016-12-12T15:27:58.453Z,
1982-12-23T20:06:39.850Z,-24.179,-175.636,33,4.8,mb,,,,1.2,us,usp0001rpc,2014-11-07T00:32:21.939Z,
1982-12-23T18:20:13.370Z,35.749,-117.751,9.29,3.19,mc,0,49.7,,0.22,ci,ci500462,2016-02-02T19:41:34.650Z,
1982-12-23T17:53:37.080Z,20.201,-45.735,10,5,mb,,,,0.9,us,usp0001rpa,2014-11-07T00:32:21.932Z,
1982-12-23T17:25:51.410Z,35.744,-117.753,8.79,2.5,mc,0,49.6,,0.168,ci,ci500461,2016-02-02T22:19:02.200Z,
1982-12-23T16:36:34.810Z,44.212,10.048,10,3.4,ml,,,,1,us,usp0001rp9,2014-11-07T00:32:21.928Z,
1982-12-23T14:48:11.760Z,43.125,3.803,10,4.1,ml,,,,1,us,usp0001rp6,2014-11-07T00:32:21.919Z,
1982-12-23T13:51:59.670Z,35.8855,-120.4255,4.985,3.08,md,34,94,0.01081,0.08,nc,nc1083399,2016-12-12T15:27:03.380Z,
1982-12-23T13:43:15.260Z,37.4886667,-118.801,-0.474,2.5,md,7,258,0.1036,0.15,nc,nc1083398,2016-12-12T15:26:57.234Z,
1982-12-23T13:05:16.530Z,-23.618,-175.503,33,5.5,ms,,,,1.4,us,usp0001rp4,2016-11-10T00:16:30.194Z,
1982-12-23T10:47:01.790Z,37.5095,-118.8163333,-0.804,2.67,md,5,318,0.08108,0.02,nc,nc1083391,2016-12-12T15:26:06.212Z,
1982-12-23T10:30:20.310Z,23.894,-45.004,10,4.6,mb,,,,0.6,us,usp0001rp1,2014-11-07T00:32:21.898Z,
1982-12-23T09:41:46.570Z,-23.954,-175.533,33,5.2,mb,,,,1.3,us,usp0001rp0,2014-11-07T00:32:21.892Z,
1982-12-23T09:32:04.620Z,-8.16,32.081,10,3.7,mb,,,,0.8,us,usp0001rnz,2014-11-07T00:32:21.890Z,
1982-12-23T09:23:49.430Z,42.609,-111.401,5,3.1,ml,,,,0.3,us,usp0001rny,2014-11-07T00:32:21.888Z,
1982-12-23T09:13:10.050Z,-6.096,146.457,49.3,4.4,mb,,,,1.4,us,usp0001rnx,2014-11-07T00:32:21.886Z,
1982-12-23T08:24:54.260Z,63.724,-153.107,33,3,ml,,,,1,us,usp0001rnw,2014-11-07T00:32:21.884Z,
1982-12-23T05:57:58.900Z,-22.803,-175.635,33,5.1,mb,,,,1.3,us,usp0001rnv,2014-11-07T00:32:21.881Z,
1982-12-23T05:47:24.500Z,-24.139,-176.058,33,5.1,mb,,,,1.3,us,usp0001rnu,2014-11-07T00:32:21.877Z,
1982-12-23T05:15:48.440Z,40.4195,-124.2728333,27.991,2.8,md,13,157,0.03514,0.03,nc,nc1083385,2016-12-12T15:25:43.828Z,
1982-12-23T04:28:04.550Z,-6.811,129.006,242.6,4.3,mb,,,,0.4,us,usp0001rnr,2014-11-07T00:32:21.871Z,
1982-12-23T03:20:25.210Z,-23.721,-175.385,33,5.3,ms,,,,1.4,us,usp0001rnn,2016-11-10T00:16:29.697Z,
1982-12-23T02:14:13.190Z,-23.895,-175.926,33,5.4,mb,,,,1.3,us,usp0001rnm,2016-11-10T00:16:29.191Z,
1982-12-23T01:42:52.470Z,31.362,-115.406,20.925,3.48,mc,0,288.2,,0.728,ci,ci500405,2016-02-03T01:29:13.710Z,
1982-12-23T01:18:08.210Z,-24.617,-175.363,33,4.8,mb,,,,1.5,us,usp0001rnj,2014-11-07T00:32:21.850Z,
1982-12-23T00:10:31.700Z,-24.442,-176.201,48,5.6,mb,,,,1.2,us,usp0001rnh,2016-11-10T00:16:28.647Z,
1982-12-22T22:55:08.940Z,18.957,120.506,36.4,4.5,mb,,,,0.7,us,usp0001rng,2014-11-07T00:32:21.836Z,
1982-12-22T19:32:50.070Z,31.68,-115.988,5.925,3.14,mc,0,310.9,,0.421,ci,ci500446,2016-02-03T00:08:16.570Z,
1982-12-22T18:25:36.860Z,38.767,24.707,10,3.3,ml,,,,1.5,us,usp0001rne,2014-11-07T00:32:21.833Z,
1982-12-22T18:01:07.220Z,-32.597,-178.35,33,4.3,mb,,,,1.3,us,usp0001rnd,2014-11-07T00:32:21.831Z,
1982-12-22T15:40:13.340Z,46.05,-27.588,10,5.5,ms,,,,1,us,usp0001rnb,2016-11-10T00:16:00.985Z,
1982-12-22T15:32:34.970Z,-23.317,179.069,572,5.4,mb,,,,1.1,us,usp0001rna,2016-11-10T00:16:00.478Z,
1982-12-22T14:47:36.900Z,35.747,-117.753,9.21,3.53,ml,0,45,,0.179,ci,ci512371,2016-02-02T23:38:24.020Z,
1982-12-22T12:46:59.950Z,33.462,-116.572,9.665,3.18,ml,0,55.1,,0.239,ci,ci512377,2016-02-02T21:00:48.140Z,
1982-12-22T11:21:46.800Z,-24.717,-175.978,33,5,mb,,,,1.3,us,usp0001rn6,2014-11-07T00:32:21.783Z,
1982-12-22T10:14:26.120Z,35.959,-118.618,4.897,3.02,ml,0,138.4,,0.175,ci,ci512381,2016-02-02T23:38:25.090Z,
1982-12-22T09:49:05.080Z,41.769,45.893,33,4.6,mb,,,,1.2,us,usp0001rn5,2014-11-07T00:32:21.780Z,
1982-12-22T09:40:49.320Z,37.3486667,-118.5525,2.326,3.43,md,9,298,0.3252,0.03,nc,nc1083354,2016-12-12T15:23:34.922Z,
1982-12-22T07:49:39.180Z,40.782,27.549,10,3.3,mb,,,,1.5,us,usp0001rn3,2014-11-07T00:32:21.776Z,
1982-12-22T07:45:20.850Z,-23.854,-175.507,33,4.7,mb,,,,0.6,us,usp0001rn2,2014-11-07T00:32:21.774Z,
1982-12-22T06:16:18.850Z,12.796,-70.815,33,4.8,mb,,,,1.1,us,usp0001rn0,2014-11-07T00:32:21.770Z,
1982-12-22T05:37:00.560Z,37.0575,-121.4936667,3.65,2.8,md,84,31,0.03333,0.07,nc,nc1083346,2016-12-12T15:22:53.900Z,
1982-12-22T04:02:36.660Z,33.478,141.517,34.4,4.8,mb,,,,1.1,us,usp0001rmz,2014-11-07T00:32:21.766Z,
1982-12-22T01:06:36.900Z,-8.51,118.442,149.6,4.4,mb,,,,1.1,us,usp0001rmx,2014-11-07T00:32:21.763Z,
1982-12-22T00:44:50.420Z,-2.17,27.188,33,4.9,mb,,,,0.4,us,usp0001rmw,2014-11-07T00:32:21.762Z,
1982-12-22T00:33:02.800Z,37.296,-118.298,4.201,2.55,mc,0,158.8,,0.443,ci,ci500361,2016-02-02T22:19:00.540Z,
1982-12-21T23:35:26.290Z,37.213,71.846,145.3,4.8,mb,,,,0.7,us,usp0001rmv,2014-11-07T00:32:21.757Z,
1982-12-21T23:01:05.610Z,36.9351667,-121.6823333,11.121,2.97,md,73,73,0.01712,0.12,nc,nc1083324,2016-12-12T15:20:58.570Z,
1982-12-21T22:55:27.160Z,-58.819,148.954,10,5,ms,,,,1.2,us,usp0001rmu,2016-11-10T00:15:33.190Z,
1982-12-21T22:52:31.550Z,37.4983333,-118.799,-0.449,2.71,md,9,119,0.09459,0.04,nc,nc1083323,2016-12-12T15:20:48.737Z,